{"cameraMode":{"drawMode":0,"name":"Shaded","section":"Shading Mode"},"sceneLighting":true,"audioPlay":false,"sceneViewState":{"m_AlwaysRefresh":false,"showFog":true,"showSkybox":true,"showFlares":true,"showImageEffects":true,"showParticleSystems":true,"showVisualEffectGraphs":true,"m_FxEnabled":true},"in2DMode":false,"pivot":{"x":2.9915218353271486,"y":1.0743579864501954,"z":1.7819344997406006},"rotation":{"x":0.05409478768706322,"y":-0.9094821810722351,"z":0.1252027302980423,"w":0.3928097188472748},"size":1.0161914825439454,"orthographic":false}